[
    {
        "id" : "1",
        "name" : "Android for Expert",
        "author" : "George R.R",
        "year" : "1996"
    },
    {
        "id" : "2",
        "name" : "Complete Reference",
        "author" : "George P.R. Martin",
        "year" : "1998"
    },
    {
        "id" : "3",
        "name" : "BackBone JS",
        "author" : "Kalvin R.V",
        "year" : "2000"
    },
    {
        "id" : "4",
        "name" : "Knock Out JS",
        "author" : "J.J Markin",
        "year" : "2005"
    },
    {
        "id" : "5",
        "name" : "Pointer in C",
        "author" : "Y.P Kanitkar",
        "year" : "2011"
    },
    {
        "id" : "6",
        "name" : "Big Data",
        "author" : "Pearson D A",
        "year" : "2011"
    },
    {
        "id" : "7",
        "name" : "A Dream of Spring",
        "author" : "George R.R. Martin",
        "year" : "2012"
    },
    {
        "id" : "8",
        "name" : "The Philosopher's Stone",
        "author" : "J.K.Rowling",
        "year" : "1997"
    },
    {
        "id" : "9",
        "name" : "The Chamber of Secrets",
        "author" : "J.K.Rowling",
        "year" : "1998"
    },
    {
        "id" : "10",
        "name" : "The Prisoner of Azkaban",
        "author" : "J.K.Rowling",
        "year" : "1999"
    }
]